qabul	Jamiyat	Kelganni yoki taklifni rozilik bilan olish.
qadah	Uy-roʻzgʻor	Ichimlik quyiladigan oyoqli idishcha.
qadam	Jism	Yurishda bir oyoq tashlami.
qadoq	Savdo	Mahsulotning oʻralgan holati yoki eski ogʻirlik oʻlchovi.
qafas	Uy-roʻzgʻor	Qush yoki jonivor saqlanadigan panjarali qutisi.
qahva	Oshxona	Qovurilgan donidan damlanadigan achchiq qora ichimlik.
qalam	Ilm	Yozish uchun qoʻl quroli.
qalin	Savdo	Kelin uchun beriladigan mol-mulk odati.
qamal	Jamiyat	Shaharni oʻrab olib qurshovda ushlash.
qamar	Tabiat	Oyning kitobiy nomi.
qamchi	Asbob	Otni niqtash uchun tasmali qoʻl quroli.
qamish	Tabiat	Suv boʻyida oʻsadigan uzun poyali oʻsimlik.
qanot	Hayvonot	Uchish uchun xizmat qiladigan aʼzo.
qaqir	Tabiat	Suvsiz taqir yer.
qargʻa	Hayvonot	Qora patli yirik shovqinchi qush.
qaror	Jamiyat	Muhokamadan soʻng qabul qilingan xulosa.
qasam	Til	Ont ichib berilgan vaʼda.
qashqa	Hayvonot	Hayvon peshonasidagi oq belgi.
qasos	Tuygʻu	Yomonlikka javoban olinadigan oʻch.
qatiq	Oshxona	Sutni uyutib tayyorlanadigan nordon mahsulot.
qator	Ilm	Bir chiziqqa tizilgan narsalar ketma-ketligi.
qavat	Qurilish	Binoning bir sathdagi darajasi.
qaychi	Asbob	Ikki tigʻli kesish quroli.
qaygʻu	Tuygʻu	Yurakni ezuvchi chuqur alam.
qayin	Tabiat	Oq poʻstloqli nozik daraxt.
qayiq	Asbob	Eshkak bilan yuriladigan kichik suv ulovi.
qayir	Tabiat	Daryo boʻyidagi unumdor pastqam yer.
qayla	Oshxona	Taomga qoʻshib beriladigan quyuq masalliq.
qayni	Oila	Turmush oʻrtoqning ukasi yoki akasi.
qibla	Din	Ibodatda yuz buriladigan tomon.
qilich	Asbob	Uzun tigʻli qadimiy jang quroli.
qimiz	Oshxona	Biya sutidan tayyorlanadigan achigan ichimlik.
qimor	Oʻyin	Pul tikib oʻynaladigan tavakkal oʻyini.
qipiq	Tabiat	Yogʻoch arralaganda toʻkiladigan mayda zarralar.
qirol	Jamiyat	Gʻarb mamlakatlari hukmdori unvoni.
qiron	Tarix	Baxt yulduzlari tutashgan omadli davr.
qirov	Tabiat	Sovuqda yuzaga oʻtiradigan oq muz zarralari.
qirra	Ilm	Ikki yuza tutashgan oʻtkir chekka.
qissa	Sanʼat	Voqealar bayon qilinadigan oʻrta hajmli asar.
qiyiq	Kiyim	Belga bogʻlanadigan uchburchak mato.
qiyma	Oshxona	Maydalab toʻgʻralgan goʻsht.
qiyom	Oshxona	Shakar eritmasining quyuq holati.
qiyoq	Tabiat	Qirrali bargli oʻtkir oʻt oʻsimligi.
qiyos	Ilm	Ikki narsani solishtirib koʻrish.
qobiq	Tabiat	Narsaning ustki qattiq qatlami.
qobon	Hayvonot	Yovvoyi toʻngʻizning erkagi.
qochoq	Jamiyat	Taʼqibdan yashirinib yurgan kimsa.
qogʻoz	Ilm	Yozuv uchun yupqa varaq material.
qoida	Ilm	Amal qilinishi lozim boʻlgan tartib.
qolip	Asbob	Bir xil shakl berish uchun andoza.
qomus	Ilm	Barcha sohani qamrovchi izohli toʻplam.
qonun	Jamiyat	Davlat oʻrnatgan majburiy tartib hujjati.
qorin	Jism	Tananing ichak-oshqozon joylashgan qismi.
qoshiq	Uy-roʻzgʻor	Suyuq taom ichishga moʻljallangan dastali buyum.
qotil	Jamiyat	Odam oʻldirgan jinoyatchi.
qovoq	Oshxona	Yirik dumaloq poliz mevasi.
qovun	Oshxona	Shirin sersuv sariq poliz ekini.
qovuq	Jism	Suyuqlik yigʻiladigan ichki pufak aʼzo.
qoziq	Asbob	Yerga qoqiladigan uchli yogʻoch.
qozon	Uy-roʻzgʻor	Taom pishiriladigan chuqur metall idish.
qoʻbiz	Sanʼat	Kamon bilan chalinadigan qadimiy torli soz.
qoʻnim	Tuygʻu	Bir joyda muqim qolish holati.
qoʻnoq	Oila	Uyga tashrif buyurgan mehmon.
qoʻrchi	Tarix	Hukmdorning qurol-yarogʻ saqlovchisi.
qoʻriq	Tabiat	Haydalmagan boʻz yer.
qoʻshchi	Kasb-hunar	Yer haydovchi dehqon.
qoʻshin	Jamiyat	Davlatning harbiy kuchlari.
qoʻshiq	Sanʼat	Kuy bilan aytiladigan sheʼriy asar.
qoʻshni	Oila	Yonma-yon yashovchi kishi.
qoʻtir	Jism	Terini qichitib toshiruvchi kasallik.
qoʻton	Hayvonot	Suv boʻyida yashovchi uzun oyoqli qush.
qoʻtos	Hayvonot	Baland togʻlarda boqiladigan sershoq yirik mol.
qoʻzoq	Tabiat	Dukkakli oʻsimlikning urugʻ xaltasi.
qubba	Qurilish	Bino ustidagi gumbaz shaklidagi qism.
quduq	Tabiat	Suv olish uchun qazilgan chuqur oʻra.
quloch	Jism	Ikki qoʻl yoyilgandagi masofa oʻlchovi.
qulon	Hayvonot	Dashtda yashovchi yovvoyi eshaksimon jonivor.
quloq	Jism	Eshitish aʼzosi.
qumri	Hayvonot	Kaptarsimon mayda xushovoz qush.
qurol	Asbob	Jang yoki ish uchun moslama.
quroq	Kiyim	Mato parchalaridan ulab tikilgan buyum.
qurum	Uy-roʻzgʻor	Tutundan oʻtirgan qora parda.
qushchi	Kasb-hunar	Ovga parranda oʻrgatuvchi mutaxassis.
quvur	Qurilish	Suyuqlik oqiziladigan ichi boʻsh uzun buyum.
quyon	Hayvonot	Uzun quloqli qoʻrqoq kemiruvchi jonivor.
quyosh	Tabiat	Yerga nur va issiqlik beruvchi yulduz.
quyun	Tabiat	Aylanib koʻtariluvchi kuchli shamol ustuni.
