# So'z Jangi word-content master (WS-B): word	theme	definition_uz
# Themes: fixed taxonomy in content/taxonomy_uz.txt. Keyed by word so
# content survives tier re-cuts and schedule regeneration.
abzal	Asbob	Ot-ulovga taqiladigan jabduq va anjomlar.
adiba	Sanʼat	Badiiy asarlar bituvchi ayol ijodkor.
adras	Kiyim	Ipak va paxta aralash toʻqilgan milliy mato.
afsun	Tarix	Sehr maqsadida aytiladigan gʻayritabiiy soʻzlar.
afsus	Tuygʻu	Boy berilgan narsa uchun achinish hissi.
afyun	Jism	Koʻknoridan olinadigan kuchli gangituvchi modda.
aholi	Jamiyat	Bir hududda doimiy yashovchi kishilar jami.
ahvol	Tuygʻu	Kimningdir hozirgi holati, kayfiyati yoki turmushi.
ajdar	Tarix	Ertaklardagi olov purkovchi ulkan ilonsimon maxluq.
ajdod	Oila	Bizdan avval oʻtgan ota-bobolar avlodi.
ajrim	Jamiyat	Tortishuvni hal qiluvchi rasmiy qaror.
ajriq	Tabiat	Yer bagʻirlab oʻsadigan seryildiz begona oʻt.
alanga	Tabiat	Yonayotgan narsadan koʻtarilgan olov tillari.
aloqa	Jamiyat	Ikki tomon oʻrtasidagi bogʻlanish, munosabat.
amaki	Oila	Otaning ukasi yoki akasi.
ambar	Qurilish	Don va mol saqlanadigan katta xona.
anbar	Tabiat	Xushboʻy modda sifatida ishlatiladigan qimmat xomashyo.
anhor	Tabiat	Katta ariq, sersuv sunʼiy oqim.
anjir	Oshxona	Yumshoq, seruruq shirin mevali daraxt hosili.
anzur	Oshxona	Togʻda oʻsadigan, tuzlab yeyiladigan piyozsimon oʻsimlik.
aqida	Din	Qatʼiy ishonch, eʼtiqod qoidasi.
aqiqa	Din	Chaqaloq uchun soʻyiladigan qurbonlik marosimi.
arafa	Vaqt	Bayramdan bir kun avvalgi kun.
arava	Asbob	Ot yoki eshak tortadigan gʻildirakli ulov.
arbob	Jamiyat	Biror sohada tanilgan yirik shaxs.
argʻin	Tarix	Qadimgi turkiy urugʻlardan birining nomi.
ariza	Ilm	Rasmiy iltimos bayon etilgan yozma hujjat.
armon	Tuygʻu	Amalga oshmay qolgan orzu alami.
arqon	Asbob	Tolalardan eshilgan yoʻgʻon bogʻlagich.
arvoh	Din	Marhumlarning ruhi haqidagi tasavvur.
arxar	Hayvonot	Togʻda yashovchi yirik yovvoyi qoʻy.
asbob	Asbob	Ish bajarishda qoʻllanadigan qurol yoki moslama.
ashula	Sanʼat	Kuy bilan ijro etiladigan qoʻshiq.
asira	Jamiyat	Urushda tutqunga tushgan ayol.
askar	Jamiyat	Qoʻshinda xizmat qiluvchi harbiy kishi.
astar	Kiyim	Kiyimning ichki tomoniga tikiladigan mato.
atala	Oshxona	Un va yogʻdan tayyorlanadigan suyuq taom.
atama	Til	Fanga oid tushunchani ifodalovchi maxsus soʻz.
atlas	Kiyim	Tovlanib turadigan ipak milliy mato.
atrof	Tabiat	Biror narsaning tevaragi, yon-veri.
attor	Kasb-hunar	Mayda-chuyda va xushboʻyliklar sotuvchi kishi.
audit	Savdo	Moliyaviy hisobotlarni tekshirish faoliyati.
avlod	Oila	Bir davrda tugʻilgan kishilar boʻgʻini.
axlat	Uy-roʻzgʻor	Keraksiz boʻlib tashlanadigan chiqindi.
axloq	Tuygʻu	Insonning odob va xulq meʼyorlari.
aygʻir	Hayvonot	Naslga qoʻyiladigan erkak ot.
ayron	Oshxona	Qatiqni suv bilan aralashtirib tayyorlanadigan ichimlik.
aytim	Sanʼat	Xalq ogʻzaki ijodidagi kuylanadigan janr.
ayvon	Qurilish	Uyning old tomonidagi usti yopiq ochiq maydoncha.
badal	Savdo	Biror narsa evaziga toʻlanadigan haq.
badan	Jism	Insonning butun tanasi.
badia	Sanʼat	Yuksak did bilan yaratilgan ijod namunasi.
bagʻir	Jism	Koʻkrak va qorin tomon; mehr ramzi.
bagʻish	Tabiat	Tok va oʻsimlik novdasidagi tugun oraligʻi.
bahor	Vaqt	Qish bilan yoz orasidagi yashil fasl.
bahra	Tuygʻu	Biror narsadan olinadigan rohat, naf.
bakra	Hayvonot	Ikra beruvchi yirik daryo baligʻi.
baliq	Hayvonot	Suvda suzgichlari yordamida yashovchi jonivor.
banan	Oshxona	Issiq oʻlkalarda oʻsadigan uzunchoq sariq meva.
banda	Din	Yaratganning quli sanalgan inson.
bandi	Jamiyat	Ozodlikdan mahrum etilgan tutqun kishi.
barak	Oshxona	Xamirga goʻsht solib tugiladigan qaynatma taom.
barpo	Qurilish	Qurib bunyod etish ishi.
bashar	Oila	Butun insoniyat, odamzod.
baxshi	Sanʼat	Doston kuylab beruvchi xalq ijrochisi.
bayon	Til	Fikrni ogʻzaki yoki yozma ifodalash.
bekat	Jamiyat	Yoʻlovchilar transport kutadigan joy.
belgi	Ilm	Biror narsani bildiruvchi ishora yoki nishona.
bemor	Jism	Sogʻligʻini yoʻqotgan, davolanayotgan kishi.
beshik	Uy-roʻzgʻor	Chaqaloq tebratib uxlatiladigan milliy moslama.
beton	Qurilish	Sement, qum va shagʻaldan qotiriladigan material.
bezak	Sanʼat	Chiroy berish uchun qoʻshiladigan naqsh yoki buyum.
bigiz	Asbob	Teshik ochish uchun uchli qoʻl quroli.
bilak	Jism	Qoʻlning tirsakdan kaftgacha boʻlgan qismi.
bilim	Ilm	Oʻrganish orqali egallangan maʼlumotlar boyligi.
bitik	Tarix	Qadimda toshga yoki teriga tushirilgan yozuv.
bitim	Savdo	Ikki tomon kelishuvi asosidagi shartnoma.
bodom	Oshxona	Qattiq poʻchoqli, magʻzi shirin danakli meva.
bogʻcha	Ilm	Maktabgacha yoshdagi bolalar tarbiyalanadigan muassasa.
bogʻich	Asbob	Biror narsani boylash uchun ip yoki tasma.
bolta	Asbob	Oʻtin yorish uchun dastali keskir qurol.
bomba	Jamiyat	Portlovchi harbiy qurol turi.
bonus	Savdo	Qoʻshimcha ragʻbat sifatida beriladigan mukofot.
boshoq	Tabiat	Don oʻsimligining donli uchki qismi.
bosim	Ilm	Yuzaga taʼsir etuvchi kuch miqdori.
bozor	Savdo	Oldi-sotdi qilinadigan katta savdo maskani.
boʻgʻim	Jism	Suyaklar tutashgan harakatlanuvchi joy.
boʻgʻin	Til	Soʻzning bir nafasda aytiladigan qismi.
boʻgʻiz	Jism	Tomoqning ichki nafas yoʻli qismi.
boʻgʻoz	Tabiat	Ikki dengizni tutashtiruvchi tor suv yoʻli.
boʻlak	Ilm	Butunning ajratilgan bir qismi.
boʻlim	Jamiyat	Muassasaning alohida qismi, tarmogʻi.
boʻlma	Qurilish	Xonaning ajratilgan kichik qismi.
boʻron	Tabiat	Qor yoki qum aralash kuchli shamol.
boʻtqa	Oshxona	Yormadan pishiriladigan quyuq taom.
boʻyin	Jism	Boshni tanaga tutashtiruvchi qism.
boʻyoq	Asbob	Rang berish uchun ishlatiladigan modda.
boʻyra	Uy-roʻzgʻor	Qamishdan toʻqilgan yerga soliladigan toʻshama.
bugun	Vaqt	Ayni shu kechayotgan kun.
buloq	Tabiat	Yerdan qaynab chiqadigan suv koʻzi.
bulut	Tabiat	Osmonda suzuvchi suv bugʻlari uyumi.
buqoq	Jism	Boʻyindagi bezning kattalashish kasalligi.
burda	Oshxona	Nonning bir tishlamlik parchasi.
burga	Hayvonot	Sakrab yuruvchi mayda qon soʻruvchi hasharot.
burgʻi	Asbob	Teshik ochadigan aylanuvchi uchli asbob.
burgʻu	Asbob	Yer qatlamini teshib kiruvchi qurilma.
burov	Asbob	Aylantirib qattiq siqish harakati.
burun	Jism	Yuzning hid sezuvchi aʼzosi.
buyum	Uy-roʻzgʻor	Ishlatish uchun yasalgan narsa.
buzoq	Hayvonot	Sigirning yosh bolasi.
chakka	Jism	Boshning quloq tepasidagi yon qismi.
chalov	Tabiat	Choʻl-dashtda oʻsadigan boshoqli yovvoyi oʻt.
chaman	Tabiat	Gullar ochilib yotgan yam-yashil maydon.
changal	Tabiat	Qalin butalar bosgan oʻtib boʻlmas joy.
changchi	Tabiat	Gulning urugʻlantiruvchi ipsimon qismi.
chanoq	Jism	Tos suyaklari hosil qilgan skelet qismi.
chaqiq	Jamiyat	Birovni yomonlab yetkaziladigan gap.
charos	Oshxona	Yirik qora shirin uzum navi.
charvi	Oshxona	Qorin ichidagi yumshoq yogʻ qatlami.
chashma	Tabiat	Yer ostidan sizib chiqadigan suv manbai.
chayla	Qurilish	Shox-shabbadan qurilgan yengil boshpana.
chayon	Hayvonot	Dumida zahri bor boʻgʻimoyoqli jonivor.
chechak	Jism	Terini toshma bilan qoplaydigan yuqumli kasallik.
chehra	Jism	Kishining yuz koʻrinishi, aft-angori.
chelak	Uy-roʻzgʻor	Suv tashishga moʻljallangan dastali idish.
chetan	Qurilish	Novdalardan toʻqib yasalgan devor yoki toʻsiq.
chigit	Tabiat	Paxta tolasi ichidagi urugʻ doni.
chilim	Uy-roʻzgʻor	Tutunni suvdan oʻtkazib tortiladigan moslama.
chilla	Vaqt	Qish yoki yozning eng qattiq qirq kunligi.
chilon	Oshxona	Mayda mevali jiyda turi.
chinni	Uy-roʻzgʻor	Oq sirli nafis idish materiali.
chinor	Tabiat	Keng bargli, uzoq yashaydigan azim daraxt.
chipta	Savdo	Kirish yoki yoʻl haqini tasdiqlovchi qogʻoz.
chiroq	Uy-roʻzgʻor	Atrofni yorituvchi moslama.
chiroy	Tuygʻu	Koʻzni quvontiruvchi goʻzallik.
chivin	Hayvonot	Qon soʻrib bezovta qiluvchi mayda uchuvchi hasharot.
chiviq	Tabiat	Daraxtning ingichka egiluvchan novdasi.
chiziq	Ilm	Ikki nuqtani tutashtiruvchi iz.
chizma	Ilm	Buyumning oʻlchamli grafik tasviri.
chodir	Uy-roʻzgʻor	Matodan tikilgan koʻchma boshpana.
chodra	Kiyim	Ayollar boshdan yopinadigan keng mato.
cholgʻu	Sanʼat	Kuy chalinadigan musiqa asbobi.
chopar	Kasb-hunar	Xabarni tez yetkazuvchi otliq xizmatchi.
chopiq	Kasb-hunar	Ekin orasidagi begona oʻtni yumshatib tozalash.
chopon	Kiyim	Paxta solib tikilgan milliy ustki kiyim.
chorak	Vaqt	Butunning toʻrtdan bir qismi.
chorsu	Savdo	Toʻrt yoʻl kesishgan joydagi usti yopiq bozor.
chorva	Hayvonot	Goʻsht va sut uchun boqiladigan uy hayvonlari.
choʻchqa	Hayvonot	Serpushtli, semiz tumshuqli uy hayvoni.
choʻloq	Jism	Oyogʻi oqsaydigan kishi.
choʻmich	Uy-roʻzgʻor	Suyuq taom suzadigan uzun dastali idishcha.
choʻpon	Kasb-hunar	Qoʻy-echki boquvchi kishi.
choʻqqi	Tabiat	Togʻning eng baland uchi.
choʻtka	Uy-roʻzgʻor	Qillardan yasalgan tozalash buyumi.
choʻyan	Qurilish	Moʻrt, ogʻir temir qotishmasi.
chuqur	Tabiat	Yer yuzasidagi ichkariga botiq joy.
churra	Jism	Ichki aʼzoning teri ostiga boʻrtib chiqishi.
dahan	Jism	Ogʻiz va uning atrofi.
dalda	Tuygʻu	Ruhlantirish uchun aytiladigan yupatuvchi soʻz.
dalil	Ilm	Fikr toʻgʻriligini isbotlovchi asos.
danak	Oshxona	Meva ichidagi qattiq poʻstli urugʻ.
darak	Til	Biror kimsa yoki narsa haqidagi xabar.
darcha	Qurilish	Devor yoki eshikdagi kichik tuynuk oynasi.
darra	Tarix	Jazolash uchun ishlatilgan qayish qamchi.
daryo	Tabiat	Katta oʻzanda oqadigan yirik suv oqimi.
dasta	Asbob	Buyumning qoʻl bilan ushlanadigan qismi.
davom	Vaqt	Boshlangan ishning toʻxtamay borishi.
davra	Jamiyat	Aylana boʻlib oʻtirgan kishilar guruhi.
daxma	Tarix	Qadimgi qabr usti inshooti.
daydi	Jamiyat	Uy-joysiz izgʻib yuruvchi kimsa.
dengiz	Tabiat	Shoʻr suvli ulkan suv havzasi.
devon	Sanʼat	Shoir sheʼrlari jamlangan qadimiy toʻplam.
devor	Qurilish	Xonalarni ajratuvchi tik toʻsiq.
divan	Uy-roʻzgʻor	Suyanchiqli yumshoq oʻtirgʻich mebeli.
diyor	Tabiat	Kishi tugʻilib oʻsgan oʻlka.
dohiy	Jamiyat	Xalqni yetaklovchi buyuk rahnamo.
doira	Sanʼat	Chertib chalinadigan davra shaklidagi musiqa asbobi.
dolon	Qurilish	Uyning kiraverishidagi uzun yoʻlak.
domla	Kasb-hunar	Dars beruvchi ustoz, muallim.
doska	Ilm	Sinfda yozib koʻrsatiladigan taxta.
dovon	Tabiat	Togʻdan oshib oʻtiladigan yoʻl boʻyni.
dovul	Tabiat	Hamma narsani uchiruvchi qattiq shamol.
doʻkon	Savdo	Mol sotiladigan kichik savdo joyi.
doʻppi	Kiyim	Gul tikilgan milliy bosh kiyimi.
doʻzax	Din	Gunohkorlar jazolanadigan oxirat makoni.
dugoh	Sanʼat	Milliy maqom yoʻllaridan birining nomi.
dukchi	Kasb-hunar	Ip yigiruv uchun moslama yasovchi hunarmand.
dumba	Oshxona	Qoʻyning orqasidagi yogʻli qismi.
dunyo	Tabiat	Butun olam, yer yuzi.
durra	Kiyim	Boshga oʻraladigan yupqa roʻmol.
dutor	Sanʼat	Ikki torli milliy musiqa asbobi.
ehrom	Tarix	Qadimgi Misrdagi ulkan uchburchak maqbara.
ehson	Din	Savob umidida qilinadigan yaxshilik, xayr.
ekran	Asbob	Tasvir aks etadigan yassi yuza.
erkak	Oila	Insonlarning ota jinsiga mansub vakili.
erman	Tabiat	Achchiq hidli dorivor dasht oʻsimligi.
ertak	Sanʼat	Sehrli voqealar hikoya qilinadigan xalq ijodi janri.
eshkak	Asbob	Qayiqni suvda haydovchi kurakcha.
falak	Tabiat	Osmon gumbazi, koinot.
faqih	Din	Shariat ilmini chuqur biluvchi olim.
farang	Tarix	Ovroʻpalik kishining eski nomlanishi.
faraz	Ilm	Hali isbotlanmagan ilmiy taxmin.
fatvo	Din	Diniy masala boʻyicha rasmiy xulosa.
figʻon	Tuygʻu	Alam bilan chekilgan oh-nola.
firqa	Jamiyat	Bir gʻoya atrofida uyushgan siyosiy guruh.
fitna	Jamiyat	Odamlarni bir-biriga qayrash, igʻvo.
fojia	Tuygʻu	Ogʻir oqibatli mudhish voqea.
foyda	Savdo	Faoliyatdan keladigan naf, daromad.
gadoy	Jamiyat	Tilanchilik qilib kun koʻruvchi kimsa.
gajak	Kiyim	Chekkaga tushirilgan jingalak soch tolasi.
garov	Savdo	Majburiyat bajarilishini taʼminlovchi tikilgan narsa.
gavda	Jism	Odamning qomati, tanasi.
gazak	Oshxona	Ichimlik yoniga yeyiladigan yengil yegulik.
gijja	Jism	Ichakda yashovchi parazit chuvalchang.
gilam	Uy-roʻzgʻor	Polga toʻshaladigan qalin toʻqima buyum.
gilos	Oshxona	Mayda danakli qizil shirin meva.
girih	Sanʼat	Sharq meʼmorligidagi geometrik naqsh turi.
goʻdak	Oila	Endigina tugʻilgan yosh bola.
gulcha	Tabiat	Mayda ochilgan gul, chechakcha.
gulob	Oshxona	Gul bargidan tayyorlanadigan xushboʻy suv.
gumon	Tuygʻu	Aniq boʻlmagan shubhali oʻy.
gunoh	Din	Diniy taqiqni buzish, ayb.
guruch	Oshxona	Palov damlanadigan oq don.
guruh	Jamiyat	Umumiy maqsaddagi kishilar toʻplami.
gurung	Jamiyat	Yaqinlar davrasidagi erkin suhbat.
guvoh	Jamiyat	Voqeani oʻz koʻzi bilan koʻrgan kishi.
guzar	Jamiyat	Mahallaning odamlar toʻplanadigan markazi.
gʻalla	Oshxona	Don beruvchi ekinlarning umumiy nomi.
gʻanim	Jamiyat	Dushmanlik qiluvchi raqib.
gʻazab	Tuygʻu	Qattiq jahl, achchiqlanish hissi.
gʻazal	Sanʼat	Ishq mavzusidagi mumtoz sheʼriy janr.
gʻazna	Savdo	Davlat boyliklari saqlanadigan xazina.
gʻazot	Tarix	Din yoʻlidagi qadimiy jang yurishi.
gʻilof	Uy-roʻzgʻor	Buyumni oʻrab turadigan qin yoki jild.
gʻizol	Hayvonot	Nozik oyoqli chiroyli ohu.
gʻorat	Tarix	Bosqin bilan talon-taroj qilish.
gʻovak	Tabiat	Ichi teshik-teshik, boʻsh joyli narsa.
gʻubor	Tabiat	Havoda suzuvchi mayda chang pardasi.
gʻumay	Tabiat	Ekinlarga zarar keltiruvchi begona oʻt.
gʻuncha	Tabiat	Hali ochilmagan gul kurtagi.
gʻurur	Tuygʻu	Oʻz qadrini bilish, iftixor hissi.
hadis	Din	Paygʻambardan qolgan soʻz va koʻrsatmalar.
hadya	Tuygʻu	Hurmat yuzasidan beriladigan sovgʻa.
hafta	Vaqt	Yetti kundan iborat vaqt oʻlchovi.
hakam	Oʻyin	Musobaqada adolatni nazorat qiluvchi shaxs.
hakim	Kasb-hunar	Qadimda tabiblik qilgan donishmand.
hakka	Hayvonot	Oq-qora patli sershovqin qush.
halim	Oshxona	Bugʻdoy va goʻshtdan pishiriladigan quyuq taom.
halqa	Asbob	Aylana shaklidagi tutashgan buyum.
hamla	Jamiyat	Toʻsatdan qilingan hujum harakati.
haram	Tarix	Saroyning ayollar yashaydigan qismi.
hasad	Tuygʻu	Birovning yutugʻini koʻra olmaslik hissi.
hashar	Jamiyat	Koʻpchilik boʻlib beminnat qilinadigan ish.
hassa	Asbob	Tayanib yurish uchun tayoqcha.
havas	Tuygʻu	Birovdagi narsaga intiqlik, qiziqish.
havza	Tabiat	Suv toʻplanadigan hudud yoki idish.
hayit	Din	Roʻza yoki qurbonlik bayrami kuni.
hayot	Tabiat	Tiriklik, yashash jarayoni.
hazar	Tuygʻu	Jirkanib oʻzini tortish hissi.
hazil	Tuygʻu	Kuldirish uchun aytilgan bezarar gap.
hijob	Kiyim	Ayollarning boshni yopuvchi diniy libosi.
hisob	Ilm	Sonlar ustida bajariladigan amallar.
hissa	Savdo	Umumiy ishdagi ulush, qism.
hiyla	Tuygʻu	Aldash uchun oʻylangan ayyorlik.
hofiz	Sanʼat	Qoʻshiqni mahorat bilan ijro etuvchi xonanda.
hojat	Tuygʻu	Zarurat, ehtiyoj.
hokim	Jamiyat	Hududni boshqaruvchi mansabdor.
holat	Tuygʻu	Muayyan paytdagi vaziyat, ahvol.
holva	Oshxona	Un, yogʻ va shakardan tayyorlanadigan shirinlik.
homiy	Jamiyat	Moddiy va maʼnaviy qoʻllab-quvvatlovchi shaxs.
hosil	Tabiat	Ekin-tikindan olinadigan mahsulot.
hovli	Qurilish	Uy atrofidagi devor bilan oʻralgan maydon.
hovuch	Jism	Ikki kaftni birlashtirganda sigʻadigan miqdor.
hovuz	Tabiat	Suv toʻplab qoʻyiladigan sunʼiy koʻlcha.
hoʻkiz	Hayvonot	Qoʻsh haydashda ishlatiladigan erkak qoramol.
hudud	Jamiyat	Chegaralari belgilangan yer maydoni.
hujra	Qurilish	Madrasa yoki uydagi kichik xona.
hujum	Jamiyat	Dushman ustiga otilish harakati.
hunar	Kasb-hunar	Qoʻl mehnatiga asoslangan kasb mahorati.
huquq	Jamiyat	Qonun bilan berilgan erk va imkoniyatlar.
huzur	Tuygʻu	Orom bagʻishlovchi rohat hissi.
ibora	Til	Koʻchma maʼnoli turgʻun soʻz birikmasi.
ibrat	Tuygʻu	Boshqalarga oʻrnak boʻladigan saboq.
idora	Jamiyat	Ish yuritiladigan muassasa binosi.
idrok	Tuygʻu	Voqelikni anglash qobiliyati.
iffat	Tuygʻu	Pokiza nomus, hayo.
ifoda	Til	Fikr yoki tuygʻuning tashqi koʻrinishi.
iftor	Din	Roʻzaning kun botardagi ochilishi.
ihota	Qurilish	Atrofni oʻrab turuvchi toʻsiq.
ijara	Savdo	Mulkni vaqtincha haq evaziga olish.
ijoza	Jamiyat	Biror ishga berilgan ruxsat.
ildiz	Tabiat	Oʻsimlikning yer ostidagi oziqlantiruvchi qismi.
ilgak	Asbob	Narsalarni osish uchun qayrilgan uchli moslama.
ilhom	Tuygʻu	Ijodga undovchi koʻtarinki ruh.
illat	Jism	Yashirin nuqson yoki xastalik.
ilmoq	Asbob	Ip yoki arqondagi sirtmoq tugun.
ilova	Ilm	Asosiy narsaga qoʻshimcha qilingan qism.
imkon	Tuygʻu	Biror ishni bajarish uchun sharoit.
inkor	Til	Rad etish, tan olmaslik.
insof	Tuygʻu	Adolat va vijdon bilan ish tutish.
inson	Oila	Aql-idrokli tirik mavjudot, odam.
iqlim	Tabiat	Hududning koʻp yillik ob-havo tartibi.
iqror	Til	Aybni yoki haqiqatni tan olish.
irfon	Din	Ilohiy haqiqatni bilishga intiluvchi taʼlimot.
irmoq	Tabiat	Katta oqimga quyiluvchi kichik suv tarmogʻi.
iroda	Tuygʻu	Maqsad sari qatʼiyat kuchi.
iroqi	Kiyim	Mayda chok bilan tikiladigan kashta turi.
irqchi	Jamiyat	Kishilarni kelib chiqishiga qarab kamsituvchi.
isbot	Ilm	Haqiqatni tasdiqlovchi dalil keltirish.
ishbay	Savdo	Bajarilgan ish miqdoriga qarab haq toʻlash.
ishgʻol	Jamiyat	Hududni kuch bilan egallash.
ishlov	Kasb-hunar	Xomashyoga berilgan mehnat jarayoni.
ishonch	Tuygʻu	Birovga yoki narsaga qatʼiy suyanish hissi.
ishora	Til	Imo yoki belgi bilan bildirish.
ishqor	Ilm	Kislotani neytrallovchi kimyoviy modda.
ishrat	Tuygʻu	Ayshli, maishatli hayot kechirish.
isloh	Jamiyat	Tuzatish, yaxshilash uchun oʻzgartirish.
isrof	Savdo	Narsani behuda sarflash.
istak	Tuygʻu	Koʻngilning biror narsani tilashi.
isyon	Jamiyat	Hokimiyatga qarshi ochiq qoʻzgʻolon.
itoat	Tuygʻu	Buyruqqa soʻzsiz boʻysunish.
ixlos	Tuygʻu	Chin dildan berilgan sadoqat.
iymon	Din	Qalbdagi chuqur diniy eʼtiqod.
izdosh	Jamiyat	Birovning yoʻlini davom ettiruvchi kishi.
izhor	Til	Ichki tuygʻuni oshkor qilish.
izzat	Tuygʻu	Hurmat-eʼtibor koʻrsatish.
jabha	Jamiyat	Urush harakatlari boradigan old chiziq.
jadid	Tarix	Oʻtgan asr boshidagi maʼrifatparvarlik harakati vakili.
jahon	Tabiat	Butun yer yuzi, olam.
jamoa	Jamiyat	Birgalikda faoliyat yurituvchi kishilar uyushmasi.
janda	Kiyim	Yamoq bosilgan eski toʻn.
jangal	Tabiat	Qalin oʻsgan yovvoyi oʻrmonzor.
jangchi	Jamiyat	Urushda qatnashuvchi kurashchi.
janob	Jamiyat	Erkaklarga hurmat bilan murojaat soʻzi.
jarchi	Tarix	Xabarni baland ovozda eʼlon qiluvchi kishi.
jasad	Jism	Jon uzilgan tana.
javob	Til	Savolga qaytariladigan soʻz.
javon	Uy-roʻzgʻor	Narsalar teriladigan tokchali mebel.
jayra	Hayvonot	Tanasi uzun ignalar bilan qoplangan kemiruvchi.
jigar	Jism	Qonni tozalovchi yirik ichki aʼzo.
jihat	Ilm	Narsaning bir tomoni, qirrasi.
jihod	Din	Eʼtiqod yoʻlidagi kurash tushunchasi.
jihoz	Uy-roʻzgʻor	Xonani butlovchi asbob-anjomlar.
jilgʻa	Tabiat	Togʻdan oqib tushuvchi kichik suvloq.
jilov	Asbob	Otni boshqaradigan yugan tasmasi.
jinni	Jism	Aqlini yoʻqotgan, telba kishi.
jirgʻa	Tarix	Oqsoqollarning maslahat yigʻini.
jirov	Sanʼat	Doston kuylovchi elat ijrochisi.
jiyak	Kiyim	Kiyim chetiga tutiladigan bezakli tasma.
jiyan	Oila	Aka-uka yoki opa-singilning farzandi.
jiyda	Oshxona	Kumushrang bargli daraxtning unli shirin mevasi.
jizya	Tarix	Qadimda boshqa dindagilardan olingan soliq.
jizza	Oshxona	Qovurilgan yogʻ qoldigʻidan taom.
jonon	Tuygʻu	Suyukli goʻzal yor.
josus	Jamiyat	Maxfiy maʼlumot toʻplovchi aygʻoqchi.
joʻyak	Tabiat	Ekin qatorlari orasidagi suv yoʻlagi.
jumla	Til	Tugallangan fikrni bildiruvchi gap.
kabob	Oshxona	Sixga terib choʻgʻda pishiriladigan goʻsht.
kafan	Din	Marhum oʻraladigan oq mato.
kafil	Savdo	Birovning majburiyatiga zomin boʻluvchi shaxs.
kakao	Oshxona	Shokolad olinadigan don va undan ichimlik.
kakku	Hayvonot	Oʻz nomini takrorlab sayrovchi qush.
kalit	Uy-roʻzgʻor	Qulfni ochish uchun buyum.
kalla	Jism	Bosh, miya joylashgan aʼzo.
kalom	Din	Soʻz, ilohiy nutq.
kamar	Kiyim	Belga taqiladigan tasma.
kamon	Asbob	Oʻq uzatadigan egik sopli qadimiy qurol.
kanal	Tabiat	Suv oqizish uchun qazilgan sunʼiy oʻzan.
kanda	Tuygʻu	Odatni uzib qoʻyish, toʻxtatish.
kanop	Tabiat	Tolasi arqon boʻladigan ekin.
karam	Oshxona	Barglari zich oʻralgan sabzavot.
karra	Ilm	Necha marta ekanini bildiruvchi hisob soʻzi.
karta	Ilm	Yer yuzasining kichraytirilgan tasviri.
kashta	Kiyim	Mato ustiga ipda tikilgan naqsh.
kassa	Savdo	Pul qabul qilinadigan joy yoki qutisi.
katak	Uy-roʻzgʻor	Parranda saqlanadigan kichik qafas uycha.
kavak	Tabiat	Ichi oʻyilgan boʻsh joy, kovak.
kavush	Kiyim	Milliy charm oyoq kiyimi.
kechuv	Tabiat	Daryodan oʻtiladigan sayoz joy.
kelin	Oila	Yangi turmushga chiqqan juvon.
kengash	Jamiyat	Maslahat uchun toʻplangan yigʻin.
kepak	Oshxona	Un elaganda qoladigan don poʻsti.
kesak	Tabiat	Qotgan loy boʻlagi.
kesim	Til	Gapning ish-harakatni bildiruvchi boʻlagi.
kesma	Ilm	Biror narsaning kesilgan boʻlagi yoki chizigʻi.
kigiz	Uy-roʻzgʻor	Jundan bosib tayyorlanadigan qalin toʻshama.
kimsa	Oila	Nomaʼlum bir odam, shaxs.
kimyo	Ilm	Moddalar tarkibini oʻrganuvchi fan.
kirim	Savdo	Kelib tushgan pul yoki daromad.
kirpi	Hayvonot	Tanasi mayda ignali kichik sutemizuvchi.
kishan	Asbob	Oyoq-qoʻlga uriladigan temir bogʻich.
kitob	Ilm	Varaqlari muqovalangan bosma asar.
kiyik	Hayvonot	Choʻl va togʻda yashovchi chopqir tuyoqli jonivor.
kiyim	Kiyim	Tanani yopish uchun libos.
kofir	Din	Eʼtiqodni tan olmaydigan kimsa.
kohin	Tarix	Qadimgi ibodatxona xizmatchisi.
kokil	Jism	Peshonaga tushirib qoʻyilgan soch tutami.
kokos	Oshxona	Palma daraxtining qattiq poʻstli yirik mevasi.
konchi	Kasb-hunar	Yer ostidan maʼdan qazib oluvchi ishchi.
koriz	Tarix	Yer ostidan suv keltiruvchi qadimiy inshoot.
koshin	Qurilish	Naqshli sirlangan pardoz gʻishti.
kosib	Kasb-hunar	Oyoq kiyim tikuvchi hunarmand.
kotib	Kasb-hunar	Yozuv-chizuv ishlarini yurituvchi xodim.
kovak	Tabiat	Daraxt yoki devordagi oʻyiq boʻshliq.
koʻchat	Tabiat	Oʻtqazish uchun tayyorlangan yosh nihol.
koʻkat	Oshxona	Ovqatga qoʻshiladigan yashil sabzavotlar.
koʻlam	Ilm	Ish yoki hodisaning qamrov darajasi.
koʻmak	Tuygʻu	Qiynalganga koʻrsatiladigan yordam.
koʻmik	Jism	Suyak ichidagi yumshoq toʻqima.
koʻmir	Tabiat	Yer ostidan qazib olinadigan qora yoqilgʻi.
koʻngil	Tuygʻu	Insonning his-tuygʻular manbai, qalbi.
koʻpik	Tabiat	Suyuqlik yuzasidagi mayda pufakchalar uyumi.
koʻrik	Jamiyat	Holatni tekshirish uchun oʻtkaziladigan tadbir.
koʻrpa	Uy-roʻzgʻor	Paxta solingan yopingich.
koʻsak	Tabiat	Paxtaning ochilmagan mevasi.
koʻzgu	Uy-roʻzgʻor	Aks tasvir koʻrsatuvchi silliq yuza.
kuchuk	Hayvonot	Itning yosh bolasi.
kukun	Ilm	Mayda un holiga keltirilgan modda.
kulba	Qurilish	Kichik, kamtarona yashash joyi.
kulcha	Oshxona	Kichik yumaloq non.
kulgi	Tuygʻu	Xursandlikdan chiqadigan ovozli ifoda.
kuloh	Kiyim	Uchli qadimiy bosh kiyimi.
kulol	Kasb-hunar	Loydan idish yasovchi hunarmand.
kumush	Tabiat	Oq tusli qimmatbaho maʼdan.
kunda	Asbob	Goʻsht chopiladigan yoʻgʻon yogʻoch tagligi.
kungay	Tabiat	Quyosh tushadigan yon tomon.
kurak	Asbob	Yer qazish yoki qor tozalash uchun asbob.
kurash	Oʻyin	Ikki polvon bellashadigan milliy sport turi.
kurka	Hayvonot	Yirik gavdali xonaki parranda.
kurra	Ilm	Shar shaklidagi jism, olam modeli.
kursi	Uy-roʻzgʻor	Bir kishilik suyanchiqli oʻtirgʻich.
kuyov	Oila	Qizning turmush oʻrtogʻi boʻluvchi yigit.
lagan	Uy-roʻzgʻor	Palov tortiladigan katta yassi idish.
lahja	Til	Muayyan hudud aholisining soʻzlashuv shevasi.
lahza	Vaqt	Koʻz ochib yumguncha oʻtadigan payt.
lampa	Uy-roʻzgʻor	Yorugʻlik beruvchi shisha qalpoqli chiroq.
langar	Asbob	Kemani joyida ushlab turuvchi ogʻir temir.
lapar	Sanʼat	Qizlar davrasida aytiladigan hazil qoʻshiq.
laqab	Til	Kishiga xislatiga qarab berilgan qoʻshimcha nom.
laqqa	Hayvonot	Moʻylovli yirik daryo baligʻi.
latcha	Hayvonot	Uzun tanali mayda yirtqich jonivor.
latta	Uy-roʻzgʻor	Eski mato parchasi.
lavash	Oshxona	Yupqa yoyib pishiriladigan non turi.
lavha	Sanʼat	Kichik tasvir yoki yozuvli taxtacha.
laxta	Jism	Quyulib qolgan qon boʻlagi.
lazgi	Sanʼat	Xorazmga xos oʻynoqi raqs va kuy.
lenta	Kiyim	Uzun ensiz bezak tasmasi.
libos	Kiyim	Ust-bosh, kiyiladigan narsa.
lider	Jamiyat	Guruhni boshqarib boruvchi yetakchi.
limon	Oshxona	Nordon sariq sitrus mevasi.
lison	Til	Nutq vositasi, soʻzlashuv qobiliyati.
lochin	Hayvonot	Ovda ishlatiladigan tez uchar yirtqich qush.
lugʻat	Til	Soʻzlar izohi jamlangan kitob.
madad	Tuygʻu	Qoʻllab-quvvatlovchi yordam kuchi.
madang	Qurilish	Eshikni ichdan bekituvchi yogʻoch tambasi.
magʻiz	Oshxona	Danak ichidagi yeyiladigan yumshoq qism.
mahal	Vaqt	Muayyan payt, vaqt boʻlagi.
mahsi	Kiyim	Yumshoq charmdan poshnasiz milliy oyoq kiyimi.
majoz	Til	Soʻzning koʻchma maʼnoda qoʻllanishi.
makon	Qurilish	Yashash yoki joylashish oʻrni.
malak	Din	Nurdan yaratilgan gunohsiz mavjudot.
malax	Hayvonot	Ekinlarni gala boʻlib qiruvchi hasharot.
malik	Tarix	Qadimgi hukmdorlarning unvoni.
manba	Ilm	Maʼlumot yoki narsaning kelib chiqish oʻrni.
manti	Oshxona	Bugʻda pishiriladigan xamirli goʻshtli taom.
maqol	Til	Xalq donoligini ifodalovchi hikmatli gap.
maqom	Sanʼat	Sharq mumtoz musiqasining yirik turkumi.
maral	Hayvonot	Shoxdor yirik yovvoyi jonivor.
marka	Savdo	Xat joʻnatishda yopishtiriladigan qogʻozcha.
marra	Oʻyin	Poygada yetib boriladigan soʻnggi chiziq.
marza	Tabiat	Ekin maydonlarini ajratuvchi koʻtarma tuproq.
masal	Sanʼat	Hayvonlar tilidan ibrat beruvchi sheʼriy hikoya.
matal	Til	Toʻliq boʻlmagan hikmatli ibora.
mavqe	Jamiyat	Jamiyatdagi tutgan oʻrin, obroʻ.
mavzu	Ilm	Suhbat yoki asarning bosh masalasi.
mayak	Tabiat	Oldinga intilish uchun namuna belgisi.
mayib	Jism	Aʼzosi shikastlangan kishi.
mayiz	Oshxona	Quritilgan uzum donalari.
mayna	Hayvonot	Odam nutqiga taqlid qila oladigan qora qush.
mayoq	Tabiat	Kemalarga yoʻl koʻrsatuvchi yorugʻlik minorasi.
maysa	Tabiat	Endigina koʻkargan yosh oʻt.
mazax	Tuygʻu	Birovni kulgi qilib ustidan kulish.
mebel	Uy-roʻzgʻor	Xona jihozlarining umumiy nomi.
medal	Jamiyat	Xizmat uchun beriladigan koʻkrak nishoni.
meros	Oila	Ota-bobodan qolgan mulk yoki boylik.
metro	Jamiyat	Yer ostidan qatnaydigan shahar poyezdi.
mezon	Ilm	Baholash uchun asos boʻladigan oʻlchov.
mijoz	Savdo	Xizmatdan doimiy foydalanuvchi xaridor.
milod	Vaqt	Yil hisobi boshlanadigan tarixiy nuqta.
minut	Vaqt	Oltmish soniyalik vaqt oʻlchovi.
mirob	Kasb-hunar	Suv taqsimotini boshqaruvchi kishi.
misol	Ilm	Fikrni tushuntirish uchun keltirilgan namuna.
misra	Sanʼat	Sheʼrning bir qatori.
mizoj	Jism	Kishi tabiatining tugʻma xususiyati.
modda	Ilm	Olamni tashkil etuvchi jismiy asos.
mogʻor	Tabiat	Nam joyda paydo boʻladigan poʻpanak.
molchi	Kasb-hunar	Qoramol boquvchi kishi.
motam	Tuygʻu	Marhum uchun tutiladigan qaygʻu.
motor	Asbob	Mashinani harakatga keltiruvchi qurilma.
moxov	Jism	Terini yemiruvchi ogʻir yuqumli kasallik.
moyak	Jism	Erkaklik urugʻ bezi.
moziy	Vaqt	Oʻtib ketgan zamon.
mozor	Din	Marhumlar dafn etilgan joy.
moʻyna	Kiyim	Hayvonning qimmatbaho yumshoq terisi.
muchal	Vaqt	Oʻn ikki yillik hayvon taqvimi.
mudir	Kasb-hunar	Boʻlim yoki muassasa boshligʻi.
mufti	Din	Diniy idoraning oliy mansabdori.
muguz	Jism	Hayvon boshidagi qattiq oʻsimta.
muhit	Tabiat	Atrofni qamrab olgan sharoit.
mulla	Din	Diniy ilm olgan kishi.
mullo	Din	Diniy savodli kishining eski atalishi.
murda	Jism	Jon uzilgan tana, jasad.
murid	Din	Pir qoʻl ostidagi shogird.
mushak	Jism	Tanani harakatlantiruvchi toʻqima.
mushuk	Hayvonot	Sichqon ovlaydigan xonaki jonivor.
muzey	Sanʼat	Qimmatli buyumlar saqlanib koʻrsatiladigan dargoh.
nafar	Oila	Kishilarni sanashda ishlatiladigan birlik.
nafas	Jism	Havoni olib chiqarish jarayoni.
nagʻma	Sanʼat	Yoqimli kuy ohangi.
najot	Tuygʻu	Xavfdan qutulish yoʻli.
namat	Uy-roʻzgʻor	Jundan bosilgan qalin toʻshama.
namoz	Din	Kuniga besh mahal oʻqiladigan ibodat.
narsa	Uy-roʻzgʻor	Har qanday jism yoki buyum.
nasab	Oila	Kishining ota tomondan kelib chiqishi.
nasos	Asbob	Suyuqlik yoki havoni tortib uzatuvchi qurilma.
naycha	Asbob	Ichi kovak ingichka trubka.
naychi	Sanʼat	Puflama cholgʻuda kuy ijro etuvchi sozanda.
nayza	Asbob	Uchi oʻtkir uzun sopli qadimiy qurol.
nazar	Tuygʻu	Qarash, eʼtibor bilan boqish.
negiz	Ilm	Biror narsaning asosi, poydevori.
nifoq	Jamiyat	Ichdan buzuvchi ikkiyuzlamachilik, nizo.
nigoh	Tuygʻu	Koʻz qarashi.
nihol	Tabiat	Yangi ekilgan yosh daraxtcha.
nikoh	Oila	Er-xotinlikni rasmiylashtiruvchi ahd.
nimcha	Kiyim	Yengsiz kalta ustki kiyim.
niqob	Kiyim	Yuzni yashirish uchun tutiladigan parda.
nishab	Tabiat	Pastga qiya joy.
nishon	Jamiyat	Moʻljal yoki xizmat belgisi.
niyat	Tuygʻu	Koʻngilda tugilgan maqsad.
nizom	Jamiyat	Faoliyatni belgilovchi qoidalar toʻplami.
nomus	Tuygʻu	Shaʼn, or va uyat tuygʻusi.
norin	Oshxona	Ingichka kesilgan xamir va goʻshtli milliy taom.
noshir	Kasb-hunar	Kitob chop etib tarqatuvchi shaxs.
notiq	Kasb-hunar	Soʻzga chechan, nutq soʻzlovchi kishi.
novda	Tabiat	Daraxtning yosh shoxchasi.
noxun	Sanʼat	Torli sozni chertadigan tirnoqcha.
nozir	Jamiyat	Nazorat qiluvchi mansabdor.
noʻxat	Oshxona	Dumaloq donli dukkakli ekin.
nufuz	Jamiyat	Taʼsir kuchi, obroʻ-eʼtibor.
nukta	Til	Nozik maʼnoli chuqur fikr.
nuqta	Ilm	Eng kichik belgi, tinish belgisi.
nusxa	Ilm	Asl narsadan koʻchirilgan ayni oʻxshashi.
obida	Tarix	Oʻtmishdan qolgan meʼmoriy yodgorlik.
obuna	Savdo	Nashrga oldindan haq toʻlab yozilish.
ochlik	Jism	Qorin toʻymaganlik holati.
oftob	Tabiat	Quyosh va uning taftli nuri.
ogʻriq	Jism	Tandagi azob beruvchi noxush sezgi.
okean	Tabiat	Qitʼalarni ajratib turuvchi ulkan suvlik.
olacha	Kiyim	Yoʻl-yoʻl toʻqilgan milliy mato.
olima	Ilm	Fan bilan shugʻullanuvchi ayol.
olmos	Tabiat	Eng qattiq qimmatbaho tosh.
olmosh	Til	Ot oʻrnida qoʻllanadigan soʻz turkumi.
olqish	Tuygʻu	Maʼqullab bildirilgan maqtov sadosi.
oltin	Tabiat	Sariq tusli qimmatbaho maʼdan.
ombor	Qurilish	Mahsulot saqlanadigan bino.
oqava	Tabiat	Ishlatilib oqiziladigan iflos suv.
oqqush	Hayvonot	Uzun boʻyinli oppoq suv qushi.
oqshom	Vaqt	Kun botgandan keyingi payt.
oqsil	Ilm	Tirik organizm asosini tashkil etuvchi modda.
oshpaz	Kasb-hunar	Taom tayyorlovchi usta.
osmon	Tabiat	Boshimiz uzra koʻk gumbaz.
otliq	Jamiyat	Ot mingan kishi.
ovora	Tuygʻu	Behuda urinib sarson boʻlish.
ovoza	Til	El ichida tarqalgan gap-soʻz.
ovqat	Oshxona	Yeb-ichiladigan taom.
oyina	Uy-roʻzgʻor	Aks koʻrsatuvchi shisha buyum.
oylik	Savdo	Har oy toʻlanadigan ish haqi.
oziqa	Oshxona	Jonzotga quvvat beruvchi yegulik.
ozuqa	Oshxona	Hayvonlarga beriladigan yem-xashak.
oʻgʻlon	Oila	Navqiron yosh yigit.
oʻlcham	Ilm	Narsaning kattaligini bildiruvchi miqdor.
oʻlpon	Tarix	Qadimda yerdan olingan soliq turi.
oʻmrov	Jism	Yelka bilan koʻkrakni tutashtiruvchi suyak.
oʻqdon	Asbob	Oʻqlar solib qoʻyiladigan idish yoki qin.
oʻrama	Uy-roʻzgʻor	Aylantirib yigʻilgan narsa toʻplami.
oʻrdak	Hayvonot	Suvda suzuvchi yassi tumshuqli parranda.
oʻrmon	Tabiat	Daraxtlar qalin oʻsgan katta maydon.
oʻrnak	Tuygʻu	Boshqalarga ibrat boʻladigan namuna.
oʻrtoq	Oila	Yaqin doʻst, hamroh.
oʻsmir	Oila	Bolalikdan yigitlikka oʻtish yoshidagi kishi.
oʻtloq	Tabiat	Mol boqiladigan koʻm-koʻk maydon.
oʻtmish	Vaqt	Oʻtib ketgan davr voqealari.
oʻtroq	Jamiyat	Bir joyda muqim yashovchi turmush tarzi.
oʻtxoʻr	Hayvonot	Faqat oʻsimlik bilan oziqlanuvchi jonivor.
oʻynash	Oila	Nikohsiz yashirin munosabatdagi kimsa.
oʻzlik	Tuygʻu	Kishining oʻz mohiyatini anglashi.
paket	Uy-roʻzgʻor	Narsa solinadigan yengil xalta.
palak	Tabiat	Poliz ekinlarining yer boʻylab yoyilgan poyasi.
palla	Vaqt	Kun yoki ish jarayonining bir bosqichi.
palma	Tabiat	Issiq oʻlkalarda oʻsadigan baland tropik daraxt.
palos	Uy-roʻzgʻor	Patsiz toʻqilgan yerga yoziladigan gilamcha.
palov	Oshxona	Guruch va sabzidan damlanadigan milliy taom.
palto	Kiyim	Sovuqdan saqlaydigan uzun ustki kiyim.
panda	Hayvonot	Bambuk yeb yashovchi oq-qora ayiqsimon jonivor.
panja	Jism	Qoʻl-oyoqning barmoqlari bilan birga uchki qismi.
panoh	Tuygʻu	Xavfdan saqlaydigan himoya, boshpana.
parcha	Uy-roʻzgʻor	Butundan ajralgan boʻlak.
parda	Uy-roʻzgʻor	Deraza yoki sahnani toʻsuvchi mato.
parma	Asbob	Yogʻoch va metallni teshadigan aylanma asbob.
pashsha	Hayvonot	Ovqatga qoʻnadigan uchuvchi hasharot.
patir	Oshxona	Qatlamli qalin milliy non.
paxsa	Qurilish	Loydan urib koʻtariladigan devor.
paxta	Tabiat	Oq tolali asosiy texnik ekin.
pechak	Tabiat	Chirmashib oʻsuvchi oʻsimlik.
peshin	Vaqt	Kun oʻrtasidagi payt va shu paytdagi ibodat.
peshob	Jism	Buyrak ajratadigan suyuqlik.
peshvo	Jamiyat	Oldinda boruvchi rahnamo, yoʻlboshchi.
pichan	Tabiat	Qishga gʻamlab quritilgan oʻt.
piching	Til	Kesatib aytilgan achchiq gap.
pichoq	Uy-roʻzgʻor	Dastali keskir tigʻ.
pilik	Uy-roʻzgʻor	Chiroqning yonib turadigan ip qismi.
pilla	Tabiat	Ipak qurti oʻragan gʻumbak uyasi.
pilta	Uy-roʻzgʻor	Eshilgan ip yoki paxta tolasi.
pista	Oshxona	Chaqib yeyiladigan mayda ochiq danak.
piyoz	Oshxona	Achchiq taʼmli qatlamli sabzavot.
pochta	Jamiyat	Xat va joʻnatmalarni yetkazuvchi xizmat.
podsho	Tarix	Mamlakatni yakka boshqargan hukmdor.
poliz	Tabiat	Qovun-tarvuz ekiladigan maydon.
popuk	Kiyim	Ip tolalaridan yasalgan osma bezakcha.
poxol	Tabiat	Don ajratilgandan qolgan quruq poya.
poyga	Oʻyin	Tezlik boʻyicha oʻtkaziladigan musobaqa.
poyon	Vaqt	Nihoya, tugash nuqtasi.
poʻkak	Tabiat	Suvda choʻkmaydigan yengil daraxt poʻstlogʻi.
poʻlat	Qurilish	Qattiq va pishiq temir qotishmasi.
pufak	Oʻyin	Havo bilan shishiriladigan yupqa qobiq.
putur	Tuygʻu	Butunlikka yetgan zarar, darz.
qabul	Jamiyat	Kelganni yoki taklifni rozilik bilan olish.
qadah	Uy-roʻzgʻor	Ichimlik quyiladigan oyoqli idishcha.
qadam	Jism	Yurishda bir oyoq tashlami.
qadoq	Savdo	Mahsulotning oʻralgan holati yoki eski ogʻirlik oʻlchovi.
qafas	Uy-roʻzgʻor	Qush yoki jonivor saqlanadigan panjarali qutisi.
qahva	Oshxona	Qovurilgan donidan damlanadigan achchiq qora ichimlik.
qalam	Ilm	Yozish uchun qoʻl quroli.
qalin	Savdo	Kelin uchun beriladigan mol-mulk odati.
qamal	Jamiyat	Shaharni oʻrab olib qurshovda ushlash.
qamar	Tabiat	Oyning kitobiy nomi.
qamchi	Asbob	Otni niqtash uchun tasmali qoʻl quroli.
qamish	Tabiat	Suv boʻyida oʻsadigan uzun poyali oʻsimlik.
qanot	Hayvonot	Uchish uchun xizmat qiladigan aʼzo.
qaqir	Tabiat	Suvsiz taqir yer.
qargʻa	Hayvonot	Qora patli yirik shovqinchi qush.
qaror	Jamiyat	Muhokamadan soʻng qabul qilingan xulosa.
qasam	Til	Ont ichib berilgan vaʼda.
qashqa	Hayvonot	Hayvon peshonasidagi oq belgi.
qasos	Tuygʻu	Yomonlikka javoban olinadigan oʻch.
qatiq	Oshxona	Sutni uyutib tayyorlanadigan nordon mahsulot.
qator	Ilm	Bir chiziqqa tizilgan narsalar ketma-ketligi.
qavat	Qurilish	Binoning bir sathdagi darajasi.
qaychi	Asbob	Ikki tigʻli kesish quroli.
qaygʻu	Tuygʻu	Yurakni ezuvchi chuqur alam.
qayin	Tabiat	Oq poʻstloqli nozik daraxt.
qayiq	Asbob	Eshkak bilan yuriladigan kichik suv ulovi.
qayir	Tabiat	Daryo boʻyidagi unumdor pastqam yer.
qayla	Oshxona	Taomga qoʻshib beriladigan quyuq masalliq.
qayni	Oila	Turmush oʻrtoqning ukasi yoki akasi.
qibla	Din	Ibodatda yuz buriladigan tomon.
qilich	Asbob	Uzun tigʻli qadimiy jang quroli.
qimiz	Oshxona	Biya sutidan tayyorlanadigan achigan ichimlik.
qimor	Oʻyin	Pul tikib oʻynaladigan tavakkal oʻyini.
qipiq	Tabiat	Yogʻoch arralaganda toʻkiladigan mayda zarralar.
qirol	Jamiyat	Gʻarb mamlakatlari hukmdori unvoni.
qiron	Tarix	Baxt yulduzlari tutashgan omadli davr.
qirov	Tabiat	Sovuqda yuzaga oʻtiradigan oq muz zarralari.
qirra	Ilm	Ikki yuza tutashgan oʻtkir chekka.
qissa	Sanʼat	Voqealar bayon qilinadigan oʻrta hajmli asar.
qiyiq	Kiyim	Belga bogʻlanadigan uchburchak mato.
qiyma	Oshxona	Maydalab toʻgʻralgan goʻsht.
qiyom	Oshxona	Shakar eritmasining quyuq holati.
qiyoq	Tabiat	Qirrali bargli oʻtkir oʻt oʻsimligi.
qiyos	Ilm	Ikki narsani solishtirib koʻrish.
qobiq	Tabiat	Narsaning ustki qattiq qatlami.
qobon	Hayvonot	Yovvoyi toʻngʻizning erkagi.
qochoq	Jamiyat	Taʼqibdan yashirinib yurgan kimsa.
qogʻoz	Ilm	Yozuv uchun yupqa varaq material.
qoida	Ilm	Amal qilinishi lozim boʻlgan tartib.
qolip	Asbob	Bir xil shakl berish uchun andoza.
qomus	Ilm	Barcha sohani qamrovchi izohli toʻplam.
qonun	Jamiyat	Davlat oʻrnatgan majburiy tartib hujjati.
qorin	Jism	Tananing ichak-oshqozon joylashgan qismi.
qoshiq	Uy-roʻzgʻor	Suyuq taom ichishga moʻljallangan dastali buyum.
qotil	Jamiyat	Odam oʻldirgan jinoyatchi.
qovoq	Oshxona	Yirik dumaloq poliz mevasi.
qovun	Oshxona	Shirin sersuv sariq poliz ekini.
qovuq	Jism	Suyuqlik yigʻiladigan ichki pufak aʼzo.
qoziq	Asbob	Yerga qoqiladigan uchli yogʻoch.
qozon	Uy-roʻzgʻor	Taom pishiriladigan chuqur metall idish.
qoʻbiz	Sanʼat	Kamon bilan chalinadigan qadimiy torli soz.
qoʻnim	Tuygʻu	Bir joyda muqim qolish holati.
qoʻnoq	Oila	Uyga tashrif buyurgan mehmon.
qoʻrchi	Tarix	Hukmdorning qurol-yarogʻ saqlovchisi.
qoʻriq	Tabiat	Haydalmagan boʻz yer.
qoʻshchi	Kasb-hunar	Yer haydovchi dehqon.
qoʻshin	Jamiyat	Davlatning harbiy kuchlari.
qoʻshiq	Sanʼat	Kuy bilan aytiladigan sheʼriy asar.
qoʻshni	Oila	Yonma-yon yashovchi kishi.
qoʻtir	Jism	Terini qichitib toshiruvchi kasallik.
qoʻton	Hayvonot	Suv boʻyida yashovchi uzun oyoqli qush.
qoʻtos	Hayvonot	Baland togʻlarda boqiladigan sershoq yirik mol.
qoʻzoq	Tabiat	Dukkakli oʻsimlikning urugʻ xaltasi.
qubba	Qurilish	Bino ustidagi gumbaz shaklidagi qism.
quduq	Tabiat	Suv olish uchun qazilgan chuqur oʻra.
quloch	Jism	Ikki qoʻl yoyilgandagi masofa oʻlchovi.
qulon	Hayvonot	Dashtda yashovchi yovvoyi eshaksimon jonivor.
quloq	Jism	Eshitish aʼzosi.
qumri	Hayvonot	Kaptarsimon mayda xushovoz qush.
qurol	Asbob	Jang yoki ish uchun moslama.
quroq	Kiyim	Mato parchalaridan ulab tikilgan buyum.
qurum	Uy-roʻzgʻor	Tutundan oʻtirgan qora parda.
qushchi	Kasb-hunar	Ovga parranda oʻrgatuvchi mutaxassis.
quvur	Qurilish	Suyuqlik oqiziladigan ichi boʻsh uzun buyum.
quyon	Hayvonot	Uzun quloqli qoʻrqoq kemiruvchi jonivor.
quyosh	Tabiat	Yerga nur va issiqlik beruvchi yulduz.
quyun	Tabiat	Aylanib koʻtariluvchi kuchli shamol ustuni.
rabot	Tarix	Karvonlar tunaydigan qadimiy manzilgoh.
radio	Asbob	Tovushni toʻlqin orqali uzatuvchi qurilma.
ramka	Uy-roʻzgʻor	Surat atrofiga solinadigan hoshiya.
randa	Asbob	Yogʻoch yuzasini silliqlovchi duradgor asbobi.
raqam	Ilm	Sonni yozuvda ifodalovchi belgi.
raqib	Oʻyin	Bellashuvda qarshi turuvchi tomon.
rasad	Ilm	Osmon jismlarini kuzatish ishi.
rasta	Savdo	Bozorning bir turdagi mollar qatori.
ravish	Til	Ish-harakat belgisini bildiruvchi soʻz turkumi.
ravoq	Qurilish	Egik gumbazsimon usti ochiq oʻtish joyi.
rejim	Jamiyat	Belgilangan qatʼiy tartib.
rioya	Tuygʻu	Qoidaga amal qilish, hurmat saqlash.
rishta	Tuygʻu	Bogʻlab turuvchi mustahkam aloqa ipi.
rivoj	Jamiyat	Oʻsish, taraqqiy etish jarayoni.
robot	Asbob	Buyruqlarni oʻzi bajaruvchi avtomatik qurilma.
rohat	Tuygʻu	Tanaga va ruhga yoqadigan orom.
rohib	Din	Tarki dunyo qilgan ibodatchi.
roman	Sanʼat	Katta hajmli nasriy badiiy asar.
rovoch	Oshxona	Nordon poyasi yeyiladigan bahorgi oʻsimlik.
roʻmol	Kiyim	Boshga oʻraladigan toʻrtburchak mato.
roʻvak	Tabiat	Supurgi boglanadigan dasht oʻsimligi.
roʻyan	Tabiat	Ildizidan qizil boʻyoq olinadigan oʻsimlik.
rubob	Sanʼat	Mezrob bilan chalinadigan torli milliy soz.
sabab	Ilm	Hodisani keltirib chiqaruvchi omil.
sabil	Din	Yoʻlovchilar uchun qoldirilgan tekin suv yoki narsa.
saboq	Ilm	Oʻrganilgan dars, hayotiy xulosa.
sabot	Tuygʻu	Qiyinchilikda ham qatʼiy turish.
sabzi	Oshxona	Toʻq sariq ildizmevali yegulik.
sadaf	Tabiat	Chigʻanoq ichidagi tovlanuvchi qatlam.
safar	Jamiyat	Uzoq joyga qilinadigan yurish.
safro	Jism	Jigar ishlab chiqaradigan achchiq suyuqlik.
sagʻir	Oila	Ota-onasiz qolgan bola.
sahar	Vaqt	Tong otar oldidagi payt.
sahna	Sanʼat	Tomosha koʻrsatiladigan maxsus maydoncha.
sahro	Tabiat	Suvsiz keng qumli dasht.
sajda	Din	Peshonani yerga qoʻyib qilinadigan taʼzim.
salat	Oshxona	Toʻgʻralgan sabzavotlardan sovuq taom.
salib	Din	Xristianlikning kesishgan chiziqli belgisi.
salla	Kiyim	Boshga oʻraladigan uzun mato.
salma	Oshxona	Xamir boʻlakchalari solingan suyuq taom.
salon	Uy-roʻzgʻor	Mehmon kutiladigan katta xona.
saman	Hayvonot	Och sariq tusli ot.
samar	Tuygʻu	Mehnatning koʻzga koʻringan natijasi.
samur	Hayvonot	Qimmat moʻynali kichik oʻrmon jonivori.
sanam	Sanʼat	Goʻzal yor timsoli, but.
sanoq	Ilm	Birma-bir hisoblab chiqish.
saqich	Oshxona	Chaynash uchun yumshoq elastik modda.
sarob	Tabiat	Issiqda koʻrinadigan aldamchi suv tasviri.
saroy	Qurilish	Hukmdorlar yashaydigan hashamatli bino.
sarpo	Kiyim	Toʻyda beriladigan bosh-oyoq kiyim sovgʻasi.
savat	Uy-roʻzgʻor	Chiviqdan toʻqilgan dastali idish.
savdo	Savdo	Oldi-sotdi ishi.
savob	Din	Yaxshi amal uchun beriladigan ajr.
savod	Ilm	Oʻqish-yozishni bilish darajasi.
savol	Til	Javob talab qiladigan soʻroq.
sayil	Oʻyin	Bayramona ommaviy sayr tadbiri.
segoh	Sanʼat	Sharq maqom turkumidagi yoʻllardan biri.
sevgi	Tuygʻu	Qalbni qamrab oluvchi muhabbat hissi.
sezgi	Tuygʻu	Tashqi taʼsirni his qilish qobiliyati.
shafaq	Tabiat	Kun botardagi osmon qizili.
shagʻal	Qurilish	Mayda dumaloq toshlar aralashmasi.
shahar	Jamiyat	Aholisi zich yirik yashash maskani.
shahid	Din	Eʼtiqod yoki vatan yoʻlida qurbon boʻlgan kishi.
shakar	Oshxona	Choyga solinadigan shirin oq mahsulot.
shamol	Tabiat	Havoning kuchli oqimi.
shanba	Vaqt	Haftaning oltinchi kuni.
sharaf	Tuygʻu	Yuksak obroʻ, faxrli eʼtibor.
sharob	Oshxona	Uzumdan achitib tayyorlanadigan ichimlik.
sharpa	Tuygʻu	Elas-elas sezilgan tovush yoki koʻlanka.
shaxta	Qurilish	Yer ostidan maʼdan qazib olinadigan inshoot.
sherik	Savdo	Ishni birga yurituvchi hamkor.
shingil	Oshxona	Uzum boshining kichik bir shoxchasi.
shinni	Oshxona	Meva sharbatidan qaynatilgan quyuq shirinlik.
shirach	Asbob	Ildizidan yelim olinadigan oʻsimlik.
shivit	Oshxona	Taomga solinadigan xushboʻy ingichka bargli koʻkat.
shohid	Jamiyat	Voqeani koʻrgan, guvohlik beruvchi kishi.
shoira	Sanʼat	Sheʼr yozuvchi ayol ijodkor.
shoʻrva	Oshxona	Goʻsht va sabzavotli suyuq taom.
shubha	Tuygʻu	Ishonchsizlikdan tugʻiladigan gumon.
shukur	Din	Berilgan neʼmatga minnatdorlik bildirish.
shuvoq	Tabiat	Achchiq hidli dasht oʻsimligi.
sifat	Til	Belgini bildiruvchi soʻz turkumi; xislat.
sigir	Hayvonot	Sut beruvchi yirik uy hayvoni.
sigʻim	Ilm	Idishga joylashadigan miqdor hajmi.
silla	Jism	Quvvat, majol.
simob	Ilm	Xona haroratida suyuq turadigan metall.
singil	Oila	Kishining oʻzidan kichik qiz qarindoshi.
sipoh	Tarix	Qadimgi davlatlarda harbiy xizmatchi.
sirgʻa	Kiyim	Quloqqa taqiladigan zeb-ziynat.
sirka	Oshxona	Taomga qoʻshiladigan nordon suyuqlik.
sirop	Oshxona	Shakar qoʻshib qaynatilgan quyuq sharbat.
siymo	Tuygʻu	Kishining tashqi qiyofasi, obrazi.
siyoh	Ilm	Yozish uchun boʻyoqli suyuqlik.
sizot	Tabiat	Yer ostidan sizib chiqadigan nam.
sochiq	Uy-roʻzgʻor	Artinish uchun yumshoq mato buyum.
sochma	Sanʼat	Nasr yoʻlida yozilgan erkin asar.
sogʻim	Hayvonot	Sut beradigan holatdagi mol.
sohib	Savdo	Biror narsaning egasi.
sohil	Tabiat	Suv havzasining quruqlik cheti.
soliq	Savdo	Davlatga majburiy toʻlanadigan pul.
somon	Tabiat	Yanchilgan don poyasining mayda qoldigʻi.
somsa	Oshxona	Tandirda pishiriladigan goʻshtli xamir taom.
sopol	Qurilish	Loydan pishirilgan idish materiali.
soqchi	Jamiyat	Qoʻriqlash vazifasidagi kishi.
soqol	Jism	Erkak iyagida oʻsadigan tuklar.
sovchi	Oila	Qiz soʻrab boruvchi vakil.
sovgʻa	Tuygʻu	Xushnudlik uchun beriladigan narsa.
sovun	Uy-roʻzgʻor	Yuvinish uchun koʻpiruvchi vosita.
sovut	Kiyim	Jangchini tigʻdan saqlovchi temir kiyim.
soʻfiy	Din	Tariqat yoʻliga kirgan zohid.
soʻgal	Jism	Terida chiqadigan qattiq kichik oʻsimta.
soʻlak	Jism	Ogʻizda ajraladigan suyuqlik.
soʻroq	Til	Javob kutib berilgan savol.
soʻrov	Jamiyat	Rasmiy tarzda bildirilgan talab.
soʻzak	Jism	Yuqumli tanosil kasalligi.
sukut	Til	Jim turish, ovoz chiqarmaslik.
sumak	Uy-roʻzgʻor	Chaqaloq belanchagiga oʻrnatiladigan naycha moslama.
suman	Tabiat	Oq gulli xushboʻy oʻsimlik.
sumka	Uy-roʻzgʻor	Narsa solib yuriladigan dastali buyum.
summa	Savdo	Pulning umumiy miqdori.
sunna	Din	Paygʻambar yoʻl-yoʻrigʻiga mos amal.
supra	Uy-roʻzgʻor	Xamir yoyish uchun charm dasturxon.
surat	Sanʼat	Biror narsaning chizilgan yoki olingan tasviri.
surgi	Jism	Ichni yumshatuvchi dori.
surma	Kiyim	Koʻzga tortiladigan qora pardoz.
suvchi	Kasb-hunar	Ekinlarga suv taratuvchi kishi.
suvoq	Qurilish	Devorga tekis surtiladigan loy-qorishma qatlami.
suyak	Jism	Skeletni tashkil etuvchi qattiq toʻqima.
suzma	Oshxona	Qatiqning suvi siziltirilgan quyuq mahsuloti.
tabib	Kasb-hunar	Xalq usulida davolovchi shifokor.
taksi	Jamiyat	Haq evaziga yoʻlovchi tashuvchi yengil mashina.
talab	Jamiyat	Qatʼiy soʻralgan narsa yoki ehtiyoj.
taloq	Oila	Nikohning diniy yoʻl bilan bekor qilinishi.
tamba	Uy-roʻzgʻor	Eshikni ichdan bekitadigan yogʻoch qulf.
tamgʻa	Tarix	Mulkka bosiladigan belgi muhri.
tanda	Kiyim	Toʻqishga tortilgan boʻylama iplar.
tanob	Tarix	Yer oʻlchashda ishlatilgan eski birlik.
taqiq	Jamiyat	Man etilganlik holati.
taqvo	Din	Gunohdan saqlanib yashash.
taraf	Tabiat	Yoʻnalish, tomon.
tarif	Savdo	Xizmat uchun belgilangan narx jadvali.
tariq	Oshxona	Mayda sariq donli ekin.
tarix	Ilm	Oʻtmish voqealarini oʻrganuvchi fan.
taroq	Uy-roʻzgʻor	Soch tarash uchun tishli buyum.
tasma	Kiyim	Ensiz uzun bogʻlagich mato.
tavba	Din	Gunohdan qaytib afv soʻrash.
tavof	Din	Muqaddas joyni aylanib chiqish ibodati.
taxta	Qurilish	Yogʻochning yassi tilingan boʻlagi.
tayoq	Asbob	Qoʻlga olib yuriladigan uzun yogʻoch.
teatr	Sanʼat	Sahna asarlari koʻrsatiladigan dargoh.
temir	Qurilish	Eng koʻp ishlatiladigan kulrang metall.
tepki	Jism	Oyoq bilan urilgan zarba.
terak	Tabiat	Tik oʻsadigan baland daraxt.
terim	Kasb-hunar	Hosilni qoʻlda yigʻish ishi.
teshik	Uy-roʻzgʻor	Narsadan oʻtib ketgan ochiq joy.
tezak	Tabiat	Quritilgan mol goʻngi, yoqilgʻi.
tikan	Tabiat	Oʻsimlikdagi sanchiluvchi uchli oʻsimta.
tilak	Tuygʻu	Yaxshilik soʻrab bildirilgan istak.
tilcha	Jism	Tomoq ichidagi kichik osilib turuvchi aʼzo.
tilim	Oshxona	Qovun yoki nonning kesilgan boʻlagi.
tilla	Savdo	Qimmatbaho sariq metall, boylik ramzi.
tillo	Savdo	Sof qimmatbaho sariq maʼdan.
tinim	Tuygʻu	Dam olish, orom topish.
tiqin	Uy-roʻzgʻor	Idish ogʻzini bekituvchi narsa.
tivit	Kiyim	Echkining mayin yumshoq juni.
tiyin	Savdo	Pulning eng mayda birligi.
tizim	Ilm	Oʻzaro bogʻliq qismlarning yaxlit tuzilmasi.
tizma	Tabiat	Ketma-ket choʻzilgan togʻlar qatori.
tizza	Jism	Oyoqning bukiladigan oʻrta boʻgʻimi.
tobut	Din	Marhum solib koʻtariladigan yogʻoch qutisi.
togʻay	Jism	Suyakdan yumshoqroq elastik toʻqima.
toifa	Jamiyat	Bir xil xususiyatli kishilar guruhi.
tokcha	Uy-roʻzgʻor	Devorga oʻyilgan narsa qoʻyish joyi.
tomchi	Tabiat	Suyuqlikning mayda yumaloq zarrasi.
tomir	Jism	Qon oqadigan yoʻl; ildiz.
tomon	Tabiat	Yoʻnalish, taraf.
tonna	Ilm	Ming kilogramlik ogʻirlik oʻlchovi.
toqat	Tuygʻu	Qiyinchilikka chidash kuchi.
toshma	Jism	Terida paydo boʻladigan mayda donachalar.
tovon	Jism	Oyoq kaftining orqa qismi.
tovoq	Uy-roʻzgʻor	Taom tortiladigan chuqurroq idish.
tovuq	Hayvonot	Tuxum beruvchi xonaki parranda.
tovus	Hayvonot	Rang-barang dumini yozadigan chiroyli qush.
tovush	Til	Eshitiladigan sado, un.
toʻfon	Tabiat	Hamma yoqni bosgan ulkan suv toshqini.
toʻgʻon	Qurilish	Suvni toʻsib turuvchi inshoot.
toʻlov	Savdo	Berilishi lozim boʻlgan pul majburiyati.
toʻpchi	Tarix	Zambarak otuvchi harbiy.
toʻpiq	Jism	Oyoq boʻgʻimidagi boʻrtiq suyak.
toʻqay	Tabiat	Daryo boʻyidagi qalin butazor.
toʻshak	Uy-roʻzgʻor	Yotish uchun soliladigan yumshoq narsa.
toʻsin	Qurilish	Tom koʻtarib turuvchi yoʻgʻon yogʻoch.
toʻsiq	Qurilish	Oʻtishga xalaqit beruvchi gʻov.
toʻychi	Kasb-hunar	Marosimlarda xizmat qiluvchi sozanda.
tugma	Kiyim	Kiyimni qadaydigan mayda buyum.
tugun	Uy-roʻzgʻor	Ip yoki matoning chatishtirilgan bogʻlami.
tuhfa	Tuygʻu	Qadrli sovgʻa, armugʻon.
tulki	Hayvonot	Ayyorligi bilan mashhur uzun dumli jonivor.
tulum	Uy-roʻzgʻor	Teridan tikilgan suyuqlik idishi.
tuman	Tabiat	Yer bagʻirlagan quyuq bugʻ pardasi.
tumor	Din	Koʻz tegishidan asrovchi taqinchoq.
tumov	Jism	Burun bitib aksa urdiradigan xastalik.
turna	Hayvonot	Uzun oyoqli, tizilib uchadigan qush.
turoq	Sanʼat	Sheʼr vaznidagi ritmik boʻlak.
tushum	Savdo	Kassaga kirib keladigan daromad.
tutak	Sanʼat	Puflab chalinadigan kichik cholgʻu.
tutam	Uy-roʻzgʻor	Bir qoʻlga sigʻadigan dasta miqdor.
tutun	Tabiat	Yonishdan koʻtariladigan kulrang gaz.
tutuq	Til	Ayrim soʻzlarda talaffuz uzilishini bildiruvchi belgi.
tuvak	Uy-roʻzgʻor	Gul oʻtqaziladigan sopol idish.
tuxum	Oshxona	Parranda beradigan poʻstli oziq mahsuloti.
tuygʻu	Tuygʻu	Qalbda kechadigan his.
tuyoq	Hayvonot	Otning oyogʻidagi qattiq shox qatlami.
tuyuq	Sanʼat	Soʻz oʻyiniga qurilgan toʻrtlik sheʼr.
tuzoq	Asbob	Jonivor ilintirish uchun qoʻyiladigan moslama.
tuzum	Jamiyat	Davlat boshqaruvining tartiboti.
uchlik	Ilm	Uch narsadan iborat guruh.
uchqun	Tabiat	Olovdan sachragan mayda choʻgʻ zarrasi.
ufori	Sanʼat	Maqomning raqsbop tezkor qismi.
ulfat	Oila	Davradosh yaqin doʻst.
ummat	Din	Bir paygʻambarga ergashgan jamoa.
undosh	Til	Ovoz va shovqindan hosil boʻluvchi nutq tovushi.
undov	Til	His-hayajonni ifodalovchi soʻz turkumi.
unsur	Ilm	Butunni tashkil etuvchi element.
unvon	Jamiyat	Xizmat darajasini bildiruvchi rasmiy nom.
urchuq	Asbob	Ip yigirishda ishlatiladigan qoʻl moslamasi.
uslub	Sanʼat	Ijodkorga xos ifoda yoʻli.
ustod	Kasb-hunar	Hunar oʻrgatgan murabbiy.
ustoz	Ilm	Bilim beruvchi muallim.
uzlat	Din	Odamlardan chetlanib yolgʻiz yashash.
vafot	Oila	Kishining olamdan oʻtishi.
vagon	Jamiyat	Poyezd tarkibidagi yoʻlovchi yoki yuk boʻlmasi.
vahiy	Din	Paygʻambarga tushgan ilohiy xabar.
vakil	Jamiyat	Birov nomidan ish yurituvchi shaxs.
valiy	Din	Karomat egasi sanalgan azizlardan biri.
vanna	Uy-roʻzgʻor	Choʻmilish uchun katta uzun idish.
varaq	Ilm	Qogʻozning bir beti.
vasiy	Jamiyat	Voyaga yetmagan bolaga qonuniy gʻamxoʻr shaxs.
vassa	Qurilish	Tom bosishda toʻsinlar orasiga terilgan yogʻoch.
vatan	Jamiyat	Kishi tugʻilib oʻsgan ona yurt.
vazir	Jamiyat	Hukumatning yuqori lavozimli aʼzosi.
video	Asbob	Harakatlanuvchi tasvir yozuvi.
visol	Tuygʻu	Sevishganlarning topishuv onlari.
vodiy	Tabiat	Ikki togʻ orasidagi keng pastlik.
voqea	Vaqt	Sodir boʻlgan hodisa.
voris	Oila	Meros oluvchi davomchi.
vujud	Jism	Butun tana, borliq gavda.
xabar	Til	Yetkazilgan yangilik maʼlumoti.
xachir	Hayvonot	Ot bilan eshakdan tugʻilgan chidamli ulov.
xalal	Tuygʻu	Ishga toʻsqinlik qiluvchi zarar.
xalat	Kiyim	Uy yoki ish ustidan kiyiladigan yengil kiyim.
xalfa	Kasb-hunar	Usta qoʻlida ishlovchi yordamchi shogird.
xalta	Uy-roʻzgʻor	Narsa solinadigan mato qopcha.
xamir	Oshxona	Un va suvdan qorilgan yumshoq massa.
xamsa	Sanʼat	Besh dostondan iborat mumtoz asar turkumi.
xanda	Tuygʻu	Ochiq shodon kulish.
xarid	Savdo	Pul berib narsa olish.
xashak	Tabiat	Mol yemi uchun quritilgan oʻt-oʻlan.
xatar	Tuygʻu	Yaqinlashgan xavf-tahdid.
xatib	Din	Juma maʼruzasini oʻquvchi imom.
xatna	Din	Oʻgʻil bolani sunnat qilish marosimi.
xayol	Tuygʻu	Ongda jonlanadigan tasavvur oqimi.
xazon	Tabiat	Kuzda toʻkilgan sargʻaygan barglar.
xiroj	Tarix	Qadimda yer hosilidan olingan soliq.
xirqa	Kiyim	Darveshlar kiyadigan yamoqli toʻn.
xitob	Til	Baland ovozda qilingan murojaat.
xodim	Kasb-hunar	Muassasada ishlovchi kishi.
xohish	Tuygʻu	Ichki istak, moyillik.
xonim	Oila	Ayollarga hurmatli murojaat soʻzi.
xoqon	Tarix	Qadimgi turkiy davlatlar hukmdori.
xorij	Jamiyat	Chet el, oʻzga davlatlar.
xossa	Ilm	Narsaga xos ajralib turuvchi belgi.
xotin	Oila	Turmushga chiqqan ayol.
xoʻroz	Hayvonot	Tongda qichqiruvchi erkak parranda.
xumcha	Uy-roʻzgʻor	Suyuqlik saqlanadigan kichik sopol idish.
xumor	Tuygʻu	Biror narsani qattiq qoʻmsash holati.
xurmo	Oshxona	Issiq oʻlkalarda pishadigan shirin qoʻngʻir meva.
xuruj	Jism	Kasallik yoki holatning avj olishi.
xutba	Din	Namoz oldidan oʻqiladigan vaʼz.
yadro	Ilm	Atomning markaziy ogʻir qismi.
yakan	Tabiat	Boʻyra toʻqiladigan suv boʻyi oʻsimligi.
yakun	Vaqt	Ishning tugallanish nuqtasi, natija.
yalla	Sanʼat	Yengil oʻynoqi xalq qoʻshigʻi.
yamoq	Kiyim	Yirtiq ustiga qoʻyilgan mato parchasi.
yarim	Ilm	Butunning teng ikkidan bir qismi.
yashin	Tabiat	Momaqaldiroqdagi yorqin elektr chaqini.
yechim	Ilm	Masalani hal qiluvchi javob yoʻli.
yelim	Asbob	Narsalarni bir-biriga yopishtiruvchi modda.
yelka	Jism	Boʻyindan qoʻlgacha boʻlgan tana qismi.
yemish	Oshxona	Yeyiladigan narsa, yegulik.
yetim	Oila	Ota yoki onadan ajragan bola.
yigit	Oila	Balogʻatga yetgan yosh erkak.
yigʻim	Savdo	Turli toʻlovlardan toʻplanadigan mablagʻ.
yigʻin	Jamiyat	Kishilarning toʻplangan majlisi.
yilqi	Hayvonot	Uyur boʻlib boqiladigan otlar galasi.
yiring	Jism	Yalligʻlangan jarohatdan chiqadigan suyuqlik.
yogʻdu	Tabiat	Taralayotgan nur shulasi.
yogʻin	Tabiat	Osmondan tushadigan nam: qor yoki jala.
yogʻoch	Qurilish	Daraxtdan olinadigan qattiq material.
yonoq	Jism	Yuzning ikki yon qismi.
yoqut	Tabiat	Qizil rangli qimmatbaho tosh.
yorma	Oshxona	Maydalangan dondan tayyorlanadigan mahsulot.
yotoq	Uy-roʻzgʻor	Uxlash uchun joy.
yozuv	Til	Nutqni belgilar bilan ifodalash tizimi.
yoʻlak	Qurilish	Bino ichidagi tor oʻtish joyi.
yoʻlchi	Kasb-hunar	Asfalt yotqizib taʼmir ishlarini bajaruvchi ishchi.
yoʻlka	Qurilish	Piyodalar yuradigan chekka qism.
yoʻrgʻa	Hayvonot	Tekis va tez yuradigan ot yurishi.
yoʻrma	Kiyim	Chok turlaridan biri bilan tikilgan kashta.
yoʻsin	Tabiat	Nam joyda oʻsadigan mayda yashil oʻsimlik.
yoʻtal	Jism	Tomoq qirilishidan keladigan qattiq nafas turtkisi.
yubka	Kiyim	Ayollarning beldan pastga kiyiladigan kiyimi.
yugan	Asbob	Otning boshiga solinadigan jilovli anjom.
yupqa	Oshxona	Xamirdan juda nozik yoyib pishirilgan taom.
yurak	Jism	Qonni haydab turuvchi asosiy aʼzo.
yutuq	Tuygʻu	Erishilgan muvaffaqiyat.
zafar	Tuygʻu	Kurashda qozonilgan gʻalaba.
zahar	Jism	Organizmni oʻldiruvchi xavfli modda.
zahra	Jism	Oʻt pufagi; qattiq qoʻrquv timsoli.
zakot	Din	Mol-davlatdan beriladigan majburiy sadaqa.
zamin	Tabiat	Yer, tuproq yuzasi.
zamir	Tuygʻu	Gapning ich-ichidagi yashirin maʼnosi.
zamon	Vaqt	Yashab turilgan davr.
zarang	Tabiat	Yogʻochi juda qattiq daraxt.
zarar	Savdo	Yetkazilgan ziyon, yoʻqotish.
zarba	Jism	Kuch bilan urilgan urgʻu.
zarra	Ilm	Moddaning eng kichik boʻlagi.
zavod	Qurilish	Mahsulot ishlab chiqaruvchi yirik korxona.
zigʻir	Tabiat	Moy olinadigan mayda urugʻli ekin.
zirak	Kiyim	Quloqqa taqiladigan bezak buyumi.
ziyon	Savdo	Koʻrilgan zarar, talafot.
zobit	Jamiyat	Qoʻshinning ofitser darajasidagi xizmatchisi.
zovur	Tabiat	Ortiqcha suvni oqizib ketadigan chuqur ariq.
zuluk	Hayvonot	Qon soʻrib davolashda ishlatiladigan suv jonivori.
